,Unnamed: 0,mjd,ra,decl,band,exposure_time,reward,seeing,clouds,lst,az,alt,zd,ha,airmass,sun_ra,sun_decl,sun_az,sun_alt,sun_zd,sun_ha,moon_ra,moon_decl,moon_az,moon_alt,moon_zd,moon_ha,moon_airmass,moon_phase,moon_illu,moon_Vmag,moon_angle,sky_mag,fwhm,tau,teff,slew
0,0,58349.127437282325,240.0,0,g,300.0,0.0,0.9,0.0,250.7974244279455,196.72470417024653,50.45203968647419,39.54796031352581,10.797424427945487,1.2959171357927062,148.1028635593864,12.901996780203655,287.7217440954032,-1.5776782921267418,91.57767829212675,102.69456086855908,243.90275089246134,-17.38456737728786,187.62651932029394,33.93694176044521,56.06305823955479,6.894673535484145,1.7870248430758693,1.4078151954106275,0.5811302742757385,-10.460425773005598,17.80574603916802,0.0,1.1536747466924906,0.0,0.0,0.0023611111111111116
1,0,58349.13327061565,360.0,0,g,300.0,0.0,0.9,0.0,252.90317403655857,78.96819207906661,-13.462245234090084,103.46224523409009,-107.09682596344143,0.0,148.1082822708815,12.90010173293379,289.0432116183746,-3.1433093940314016,93.1433093940314,104.79489176567708,243.94891333014766,-17.39932232110549,189.970279416147,33.67509552119564,56.32490447880436,8.954260706410906,1.7991801621499235,1.4066607361368118,0.581699800245157,-10.461816647951933,114.78102199924446,0.0,0.0,0.0,0.0,0.003472222222222222
2,0,58349.14021506009,0.0,0,g,300.0,0.0,0.9,0.0,255.41001880821807,80.59898319085363,-11.525880768906259,101.52588076890626,255.41001880821807,0.0,148.114733023462,12.897845574132628,290.6382935159382,-4.990809871247182,94.99080987124718,107.29528578475606,244.0040694550778,-17.416489299264576,192.73397837551266,33.27942461375824,56.72057538624176,11.405949353140272,1.8179359604851584,1.4052865909304513,0.5823775612214396,-10.463475380994655,114.7264666890539,0.0,0.0,0.0,0.0,0.003472222222222222
3,0,58349.14447431935,40.0,0,g,300.0,0.0,0.9,0.0,256.94755026918364,50.209953808738405,-38.93177062405126,128.93177062405127,216.94755026918364,0.0,148.11868943426992,12.896461715999564,291.62969956442083,-6.114457686879552,96.11445768687955,108.82886083491371,244.0380304642499,-17.426804953959874,194.41215745571884,32.99238809148852,57.00761190851148,12.909519804933723,1.831842741134949,1.4044438951931495,0.5827931218627639,-10.464495093022162,150.61875809201177,0.0,0.0,0.0,0.0,0.000787037037037037
4,0,58349.14873357861,360.0,0,g,300.0,0.0,0.9,0.0,258.48508173015,82.5690567798885,-9.138366798445169,99.13836679844516,-101.51491826985,0.0,148.1226458064751,12.895077796490163,292.6319668886086,-7.230393166103142,97.23039316610314,110.3624359236749,244.07210816208476,-17.436959084533882,196.07580824536348,32.67225000762624,57.32774999237376,14.41297356806524,1.8476603163676941,1.4036012854925648,0.5832085812912204,-10.465517131355801,114.65928053626831,0.0,0.0,0.0,0.0,0.003472222222222222
5,0,58349.155678023046,0.0,0,g,300.0,0.0,0.9,0.0,260.9919265018087,84.1551314177417,-7.183999482895637,97.18399948289564,260.9919265018087,0.0,148.1290963305598,12.892821274390654,294.29135519119524,-9.032193128290986,99.03219312829098,112.86283017124887,244.12795468406844,-17.453170348834938,198.75385327999746,32.08081016259892,57.91918983740108,16.863971817740236,1.8777652512783618,1.402227649546172,0.5838857431739294,-10.467189625157108,114.60422636037836,0.0,0.0,0.0,0.0,0.003472222222222222
6,0,58349.16229839341,200.0,0,g,300.0,1.093663048648988,0.9,0.0,263.3817851829321,252.5069842097105,20.70403271547809,69.29596728452191,63.381785182932106,2.8080579913300596,148.13524573466307,12.89066990478669,295.90509718829117,-10.727961495105838,100.72796149510583,115.24653944826903,244.1815699453639,-17.468230717802257,201.26330451381227,31.438972559440966,58.56102744055903,19.200215237568216,1.9117940692489697,1.400918328872233,0.5845310522096211,-10.468792642043402,46.84149101660635,17.624859209484022,1.7483391810264348,0.0036455434907525157,1.0936630472257547,0.0031481481481481486
7,0,58349.16813172674,80.0,0,g,300.0,0.0,0.9,0.0,265.4875347941719,8.433751625690146,-51.389749480976135,141.38974948097615,185.4875347941719,0.0,148.14066401347844,12.888774169570517,297.3550595699541,-12.202931961021076,102.20293196102108,117.34687078069345,244.22915454957786,-17.48118488587921,203.43619692338527,30.812423757034907,59.18757624296509,21.258380244594036,1.9464567619104116,1.399764833090256,0.5850994416829638,-10.47021333170234,156.62547613263013,0.0,0.0,0.0,0.0,0.001574074074074074
8,0,58349.17396506007,200.0,0,g,300.0,6.075310287503777,0.9,0.0,267.5932844027866,255.43368557898458,17.52715429724867,72.47284570275133,67.5932844027866,3.286567286006118,148.1460822199224,12.886878319303596,298.83340387270783,-13.658560514815619,103.65856051481562,119.4472021828642,244.2770953715452,-17.493846471632025,205.5711156921963,30.130673264069163,59.86932673593084,23.316189031241407,1.985897148229924,1.398611497577763,0.5856676389772715,-10.471642879455773,46.9361120157827,19.678891509155278,1.91046061975278,0.020251034291679258,6.075310287503777,0.0031481481481481486
9,0,58349.1797983934,320.0,0,g,300.0,17.610135038886735,0.9,0.0,269.69903401139806,116.95442256869066,29.977388408071814,60.02261159192818,-50.300965988601945,1.9950240957581116,148.15150035401334,12.884982354000707,300.3421468531311,-15.09348119042565,105.09348119042565,121.54753365738472,244.32542511092967,-17.506218985882423,207.66640007143332,29.395674698763393,60.60432530123661,25.373608900468383,2.030567238090015,1.397458322065562,0.5862356435166652,-10.473082357755894,76.35689212332845,20.233242433194857,1.4478593446344712,0.058700450129622446,17.610135038886735,0.0007870370370370374
10,0,58349.18405765266,360.0,0,g,300.0,5.891947622549117,0.9,0.0,271.2365654723669,90.53404340109687,0.8442646241868348,89.15573537581317,-88.76343452763308,28.076493354737842,148.1554564062282,12.88359792572999,301.46413468967336,-16.127296330671083,106.12729633067109,123.08110906613871,244.36097764950946,-17.51507250899248,209.17050427359058,28.826529310266597,61.173470689733406,26.875587822857455,2.0667926433831667,1.3966164218031298,0.5866502549081851,-10.474140285232421,114.37540121706702,22.382147304101277,6.740212282846839,0.01963982540849706,5.891947622549117,0.003472222222222222
11,0,58349.18989098599,240.0,0,g,300.0,7.92708933737173,0.9,0.0,273.3423150809783,226.42086392763608,41.070280116640326,48.929719883359674,33.342315080978324,1.5199722443465475,148.16087441516015,12.8817017614386,303.03026103676723,-17.522943712298172,107.52294371229817,125.18144066581817,244.41005584812137,-17.526954246288934,211.19439564726676,28.00417356629555,61.99582643370445,28.93225923285695,2.121842635755229,1.3954635224647471,0.5872179246008549,-10.475599426246694,18.058032985464543,19.052750067064462,1.2525831464868666,0.026423631124572435,7.92708933737173,0.0023611111111111116
12,0,58349.19493728228,160.0,0,g,300.0,0.0,0.9,0.0,275.1639556144543,285.9917886216452,-19.382390350089317,109.38239035008931,115.16395561445432,0.0,148.16556136453852,12.88006133607431,304.41400042648655,-18.710321584602315,108.71032158460231,126.9983942499158,244.45289464768194,-17.537008739294983,212.91111883794696,27.254228800279982,62.74577119972002,30.71106096677238,2.1750501089212264,1.3944663015216754,0.5877088471978199,-10.476871961085104,84.71691716436861,0.0,0.0,0.0,0.0,0.003148148148148148
13,0,58349.19919654154,120.0,0,g,300.0,0.0,0.9,0.0,276.7014870754232,324.8669242147518,-46.06844256514809,136.06844256514808,156.7014870754232,0.0,148.16951727969993,12.87867668990706,305.6038177305649,-19.697265428083153,109.69726542808316,128.53196979572326,244.48934349142743,-17.545335695054234,214.33527910318122,26.594466099790147,63.40553390020985,32.212143583995754,2.2244237990195472,1.3936247030624105,0.5881230904461202,-10.477953941096452,122.68276518844438,0.0,0.0,0.0,0.0,0.0023611111111111107
14,0,58349.20581691191,280.0,0,g,300.0,23.016118802788352,0.9,0.0,279.0913457617976,178.14163328723117,51.717805044538714,38.282194955461286,-0.9086542382024163,1.273087236272147,148.17566607131204,12.87652434647829,307.4949073972398,-21.20194426306184,111.20194426306185,130.91567969048555,244.54655581486142,-17.557993920094166,216.50371069970606,25.522281847621095,64.47771815237891,34.54478994693616,2.3102677499391575,1.392316734377148,0.5887667618330078,-10.479651042300764,39.05058396142169,20.012408196890977,1.1433073607636983,0.07672039600952188,23.016118802856564,0.0015740740740740747
15,0,58349.210863208194,0.0,0,g,300.0,6.847714293012145,0.9,0.0,280.91298629264935,96.57677874728834,8.421219834713876,81.57878016528612,280.91298629264935,6.546249236394701,148.1803528499124,12.874883649611505,308.9719916449499,-22.323429920195302,112.32342992019531,132.73263344273695,244.59064437112042,-17.567413998100164,218.11972119702128,24.668474087056975,65.33152591294302,36.32234192152893,2.384100136121674,1.3913198883969502,0.5892572230659444,-10.48095792226857,114.15120386627963,20.671471166080924,2.8431665527233467,0.022825714310040483,6.847714293012145,0.003472222222222222
16,0,58349.21512246745,320.0,0,g,300.0,30.08824096867704,0.9,0.0,282.450517753615,128.5614731960944,38.398180892498246,51.601819107501754,-37.549482246385026,1.607262453692158,148.18430862095434,12.873498774311741,310.2436984495144,-23.251877653434192,113.25187765343419,134.26620913266063,244.62819440271537,-17.575214074527743,219.45906743962982,23.924293834543164,66.07570616545684,37.82232335089961,2.452840936505538,1.3904786059888445,0.5896710759977308,-10.48207041885119,76.07443363689806,20.564425681394336,1.2898320043582616,0.1002941365622568,30.08824096867704,0.0007870370370370374
17,0,58349.22016876374,40.0,0,g,300.0,0.0,0.9,0.0,284.272158287091,73.14393522305592,-20.04913267220563,110.04913267220563,244.27215828709097,0.0,148.18899529980993,12.871857918854337,311.7810464112357,-24.329292287295292,114.32929228729529,136.08316298728104,244.67309879144116,-17.584280165696676,221.01703236876537,23.0158406529516,66.9841593470484,39.59905949564981,2.542883806266701,1.3894819782832943,0.5901612659544656,-10.483400190571965,150.02718551766327,0.0,0.0,0.0,0.0,0.000787037037037037
18,0,58349.22600209707,160.0,0,g,300.0,0.0,0.9,0.0,286.3779078957056,294.27384693602585,-27.64379164158504,117.64379164158504,126.37790789570562,0.0,148.194412861191,12.869961043012974,313.60100282987634,-25.54255110349591,115.54255110349591,138.1834950345146,244.72559030417685,-17.594528343171557,222.77954031184368,21.931102187844353,68.06889781215565,41.65231759152877,2.6602957723736154,1.388330060409477,0.5907277235616826,-10.484953897557348,84.97844684379945,0.0,0.0,0.0,0.0,0.003148148148148148
19,0,58349.23026135633,120.0,0,g,300.0,0.0,0.9,0.0,287.91543935667124,340.5657621679789,-50.118720471762046,140.11872047176206,167.91543935667124,0.0,148.19836849528824,12.86857594999278,314.95977613558506,-26.405453217186817,116.40545321718682,139.717070861383,244.7643271483298,-17.601857613719417,224.04087995681533,21.11667333410617,68.88332666589383,43.15111220834143,2.7564433045929775,1.3874890770535213,0.5911412025948655,-10.486100028310455,122.92786276252995,0.0,0.0,0.0,0.0,0.0023611111111111107
20,0,58349.23452061559,80.0,0,g,300.0,0.0,0.9,0.0,289.4529708176376,42.05582179547381,-43.22375173954658,133.22375173954657,209.4529708176376,0.0,148.20232409086637,12.867190795733343,316.3444648112343,-27.2480046140812,117.2480046140812,141.25064672677124,244.80342095614296,-17.60906024309857,225.28106619071846,20.284150139238076,69.71584986076192,44.64954986149465,2.862738378631292,1.3866481775931268,0.5915545759296109,-10.487256385330262,156.9017710758263,0.0,0.0,0.0,0.0,0.001574074074074074
21,0,58349.24035394892,200.0,0,g,300.0,0.0,0.9,0.0,291.55872042625066,270.7464152873103,-1.0963412079712345,91.09634120797124,91.55872042625066,0.0,148.20774147448734,12.865293637282905,318.28390402128844,-28.367295612420087,118.3672956124201,143.35097895176332,244.85755922392192,-17.618724163254093,226.94603502982886,19.115871829924934,70.88412817007506,46.701161202328734,3.0275045831564853,1.3854966468796945,0.5921205457579651,-10.488857266484503,47.501877543562415,0.0,0.0,0.0,0.0,0.0031481481481481486
22,0,58349.244613208175,240.0,0,g,300.0,6.327904383869528,0.9,0.0,293.0962518872163,244.81841189040875,28.255891931285454,61.744108068714546,53.09625188721628,2.104638806960395,148.21169697880853,12.863908337940234,319.73202852899493,-29.158050991095003,119.158050991095,144.88455490840775,244.8975368726031,-17.62563764527614,228.13784580402438,18.24324395530551,71.7567560446945,48.198715014613185,3.1642674372234865,1.3846559457923755,0.5925336677518208,-10.490039115831856,18.274238267709965,19.185011191768382,1.4905825577870648,0.021093014612898427,6.327904383869528,0.0023611111111111116
23,0,58349.250446541504,0.0,0,g,300.0,15.129440803372376,0.9,0.0,295.202001495831,106.00416969408873,19.41006320780567,70.58993679219432,295.202001495831,2.98415145173513,148.2171142374626,12.862010980815235,321.7599558199766,-30.202847762007128,120.20284776200712,146.9848872583684,244.9529207700937,-17.6349164847854,229.7384000640987,17.022613177854048,72.97738682214595,50.24908072573729,3.378831830971592,1.3835046863522347,0.593099292506454,-10.491676078237171,113.79983657432933,20.551278969021258,1.809087771429334,0.05043146934457459,15.129440803372377,0.003472222222222222
24,0,58349.25739098594,360.0,0,g,300.0,16.95847544352821,0.9,0.0,297.7088462674888,107.76964622196635,21.29279729632162,68.70720270367838,-62.29115373251119,2.7350242933576965,148.22356326075268,12.85975207264354,324.2422819910792,-31.385952722439594,121.3859527224396,149.48528300673613,245.0198344233141,-17.645686628539586,231.59773698223705,15.533097743839042,74.46690225616096,52.6890118441747,3.6855040586602854,1.3821343433253113,0.5937723942065637,-10.493653422528661,113.7351925015268,20.56913579978766,1.722742863420122,0.05652825147842737,16.95847544352821,0.003472222222222222
25,0,58349.26322431927,240.0,0,g,300.0,5.705071333001188,0.9,0.0,299.8145958761035,249.9656322625361,23.388273120801333,66.61172687919867,59.81459587610351,2.5051112430385274,148.22898036123888,12.857854464060301,326.3850667278458,-32.32583849470735,122.32583849470734,151.58561551486463,245.0768900028597,-17.654510811333715,233.12250521155843,14.253160934001375,75.74683906599863,54.73770587324381,3.9988559599702995,1.380983426160458,0.594337579651295,-10.495339216719914,18.34927375809066,19.28027740018153,1.6405147140760137,0.01901690444333729,5.705071333001188,0.0023611111111111116
26,0,58349.26827061556,160.0,0,g,300.0,0.0,0.9,0.0,301.6362364095795,307.7465746623748,-37.91271030633208,127.91271030633209,141.6362364095795,0.0,148.23366652484762,12.856212789446367,328.28115588485326,-33.0970977675799,123.0970977675799,153.4025698847319,245.12688872600793,-17.66198703097215,234.41543723164017,13.125968987812865,76.87403101218713,56.509347683571576,4.32360473822439,1.3799879171839406,0.5948263474197978,-10.496816396424421,85.36258972688593,0.0,0.0,0.0,0.0,0.003148148148148148
27,0,58349.27489098593,0.0,0,g,300.0,22.25932031824779,0.9,0.0,304.0260950933305,112.43195254992875,25.948708746584128,64.05129125341587,304.0260950933305,2.275253823839023,148.23981434565277,12.85405890260624,330.82777409398466,-34.0471880519097,124.0471880519097,155.78628074767775,245.19340672146186,-17.671583304279576,236.0766244618167,11.620732626991938,78.37926737300806,58.83268837186867,4.85079853121934,1.3786820590221334,0.595467345612559,-10.498781559897173,113.56781091172518,20.643158043235363,1.5555820291203017,0.0741977343941593,22.25932031824779,0.003472222222222222
28,0,58349.28072431926,240.0,0,g,300.0,5.19703171962055,0.9,0.0,306.1318447019428,254.46487125213136,18.66741594397768,71.33258405602231,66.13184470194278,3.0962042339938307,148.24523122960053,12.852160949770871,333.1261622930307,-34.8235223701695,124.8235223701695,157.88661347234225,245.25290437782587,-17.679848488547357,237.50898509307623,10.271020047811621,79.72897995218838,60.87894032411691,5.446693877507087,1.3775316085005587,0.596031925004186,-10.500539332197382,18.421423110576907,19.436169114773037,1.8470673999252463,0.017323439065401833,5.19703171962055,0.0023611111111111116
29,0,58349.28734468963,80.0,0,g,300.0,0.0,0.9,0.0,308.5217033856937,61.071441527619164,-31.472808318941226,121.47280831894122,228.52170338569368,0.0,148.25137887555778,12.850006784956756,335.794485384516,-35.6322572033041,125.6322572033041,160.2703245101359,245.32145850435685,-17.68902438605452,239.10105420548453,8.714332564704007,81.28566743529599,63.20024488133683,6.34379254221318,1.3762261262353954,0.5966724316694597,-10.502564768461907,157.16780987343805,0.0,0.0,0.0,0.0,0.001574074074074074
30,0,58349.29396506,240.0,0,g,300.0,5.009286744977828,0.9,0.0,310.9115620720697,257.700869482803,15.026271930331005,74.973728069669,70.91156207206973,3.803381646029081,148.25752642859314,12.847852472407348,338.52338903043477,-36.36064166477839,126.3606416647784,162.6540356434766,245.39112816683215,-17.697995438987395,240.65962463141943,7.132926825597157,82.86707317440285,65.52043390523758,7.609155054471984,1.3749208432149445,0.5973126758601426,-10.50462336132169,18.477367950652127,19.649773861770726,2.0761038172254054,0.01669762248339473,5.009286745018419,0.0023611111111111116
31,0,58349.29979839333,0.0,0,g,300.0,34.440008463241426,0.9,0.0,313.0173116806845,119.74021187493999,32.286780454738434,57.713219545261566,313.0173116806845,1.8671483698889801,148.2629430766373,12.845954144533913,340.97483698013724,-36.933126237026855,126.93312623702685,164.7543686040472,245.45345628660002,-17.705740796711968,242.00695036494585,5.720392781557382,84.27960721844262,67.56385539408447,9.234505800588536,1.3737708985137476,0.5978765889245058,-10.506465258274526,113.3177223548165,20.88398986958366,1.396990339446989,0.11480002822745691,34.440008468237075,0.003472222222222222
32,0,58349.304844689614,80.0,0,g,300.0,0.0,0.9,0.0,314.8389522115346,66.22148972674938,-27.029800077597006,117.029800077597,234.8389522115346,0.0,148.2676288488969,12.844311847767107,343.1282742097309,-37.37422205153956,127.37422205153956,166.5713233626377,245.50809647416753,-17.712328266136435,243.15412465241727,4.484878839453086,85.51512116054691,69.33085573736707,11.305581186331786,1.372776229416647,0.5983642531413345,-10.5080801820408,157.26570360909588,0.0,0.0,0.0,0.0,0.001574074074074074
33,0,58349.3098909859,0.0,0,g,300.0,44.880843077688176,0.9,0.0,316.6605927450114,122.98363909708871,34.72865810788638,55.27134189211362,316.6605927450114,1.7514657555293525,148.27231456719588,12.842669465203167,345.3093742872102,-37.76370683350419,127.76370683350419,168.38827817781552,245.56341386412248,-17.718817385903876,244.28531205358894,3.2375077723503187,86.76249222764969,71.09717888088892,14.478963593048874,1.3717816754734782,0.5988517635993601,-10.509715356213425,113.21217723367731,21.097268079123257,1.3499482521635404,0.14960281025896058,44.880843077688176,0.003472222222222222
34,0,58349.31651135627,160.0,0,g,300.0,0.0,0.9,0.0,319.0504514287615,327.91881441324915,-47.12890992777292,137.12890992777292,159.0504514287615,0.0,148.2784618038728,12.840514649726668,348.2078663146764,-38.19443565014779,128.1944356501478,170.7719896248887,245.6370246569306,-17.72719173265615,245.74677562476072,1.584164079043939,88.41583592095606,73.4134267718309,22.1291131735656,1.3704770680280502,0.5994911077560069,-10.511891686709195,85.85005636229204,0.0,0.0,0.0,0.0,0.003148148148148148
35,0,58349.32077061553,120.0,0,g,300.0,0.0,0.9,0.0,320.5879828897279,30.94036795289699,-47.4287712415431,137.4287712415431,200.58798288972793,0.0,148.2824166203389,12.83912825683575,350.0917622191543,-38.42240709688481,128.4224070968848,172.30556626938903,245.68501153122986,-17.73250200539491,246.67443089327557,0.5109460964716498,89.48905390352834,74.90297135849806,31.628759408277276,1.3696378445889086,0.5999022934585277,-10.513310705136904,123.75826621609902,0.0,0.0,0.0,0.0,0.0023611111111111107
36,0,58349.32660394886,360.0,0,g,300.0,93.90563856949636,0.9,0.0,322.693732498341,128.79002449643625,38.565862416897886,51.434137583102114,-37.30626750165902,1.6013881474916047,148.2878329370529,12.837229402222137,352.69169743273335,-38.671074301098315,128.67107430109832,174.40589956128807,245.75153856091987,-17.73968436746012,247.93019413613933,-0.9702331383237948,90.97023313832379,76.94219393742111,0.0,1.368488605804802,0.6004652599934251,-10.515278345889595,113.03182147130056,21.795984645122036,1.2873463119701565,0.31301879523165455,93.90563856949636,0.003472222222222222
37,0,58349.33086320812,320.0,0,g,300.0,149.64550036505528,0.9,0.0,324.2312639593066,186.4298425324493,51.61683558967994,38.38316441032006,4.231263959306602,1.274856205617084,148.29178766246318,12.835842864574296,354.60152995160735,-38.805669076293746,128.80566907629375,175.93947629684342,245.80070602304943,-17.74486764871555,248.83714760051197,-2.0595442987582313,92.05954429875823,78.43055793625717,0.0,1.3676495756384792,0.6008761838636294,-10.516732838898037,74.97493034297428,22.04651128567074,1.1441127079666102,0.4988183345501843,149.64550036505528,0.0007870370370370374
38,0,58349.335122467375,360.0,0,g,300.0,110.6576445242316,0.9,0.0,325.768795420273,131.984340362699,40.40441731478937,49.59558268521063,-34.23120457972698,1.5405181765671045,148.29574234945338,12.834456265847804,356.51839412039254,-38.900248753514454,128.90024875351446,177.47305307081965,245.8503760419868,-17.750003722546946,249.73637189725673,-3.1550745703472125,93.15507457034721,79.91841937828622,0.0,1.3668106268588918,0.601286996870197,-10.518202455179198,112.9371592916976,21.93013029671033,1.261411708525426,0.36885881508077206,110.65764452423161,0.003472222222222222
39,0,58349.34016876367,80.0,0,g,300.0,0.0,0.9,0.0,327.59043595637564,75.49155388267249,-17.57896307329541,107.57896307329541,247.59043595637564,0.0,148.3004277441059,12.832813368748894,358.7952170498173,-38.96020985432007,128.96020985432006,179.29000821226975,245.9098774629985,-17.756032996572408,250.79257609816054,-4.46064337399495,94.46064337399496,81.68055849337713,0.0,1.3658167601232705,0.601773577193844,-10.519963305135146,157.47765166466837,0.0,0.0,0.0,0.0,0.001574074074074074
40,0,58349.34442802292,120.0,0,g,300.0,0.0,0.9,0.0,329.1279674147162,41.72776961932155,-43.45121544332153,133.45121544332153,209.12796741471618,0.0,148.30438234716334,12.831426636605244,0.7189216248875517,-38.96670736840866,128.96670736840866,180.82358506755284,245.96065216439067,-17.761079218679114,251.67699764297245,-5.568644610553784,95.56864461055379,83.16731525032552,0.0,1.3649779887849998,0.602184147235432,-10.521466204244064,124.00851160201701,0.0,0.0,0.0,0.0,0.0023611111111111107
41,0,58349.35104839329,320.0,0,g,300.0,151.04683780980952,0.9,0.0,331.5178260984672,197.8645586975802,50.41055089775822,39.58944910224178,11.517826098467197,1.2966900305963804,148.31052909959772,12.829271051302209,3.7064506232050665,-38.89662774717562,128.89662774717561,183.20729699886948,246.04058239831835,-17.768854692255964,253.04036871187358,-7.3011125578271665,97.30111255782717,85.47724370014885,0.0,1.3636744072344775,0.6028220943574708,-10.523832658370353,74.74941915504955,22.075303407492047,1.1540247396455676,0.5034894593660317,151.04683780980952,0.0007870370370370374
42,0,58349.35609468958,40.0,0,g,300.0,33.79830380189947,0.9,0.0,333.3394666319424,104.74083020328243,17.986397736244992,72.013602263755,293.3394666319424,3.2070266078227405,148.3152143241037,12.827627883728473,5.97653476936599,-38.77790404172637,128.77790404172637,185.0242523078387,246.1023344390637,-17.77473355865696,254.07154916692494,-8.629447648129858,98.62944764812985,87.2371321928787,0.0,1.362680899414821,0.6033081802346867,-10.525661398110897,148.7776606934806,21.512118578177642,1.884140414012874,0.11266101267299825,33.79830380189947,0.000787037037037037
43,0,58349.36192802291,160.0,0,g,300.0,0.0,0.9,0.0,335.44521624055625,352.28489270145906,-51.55286519984418,141.55286519984418,175.44521624055625,0.0,148.32063020454132,12.825728335546005,8.587182182752942,-38.57083087339163,128.57083087339163,187.12458603601493,246.17460914191648,-17.781486907373246,255.25636391948171,-10.172661969146082,100.17266196914608,89.27060709863977,0.0,1.361532582083968,0.6038698814885975,-10.527802285717607,86.3631053437672,0.0,0.0,0.0,0.0,0.003148148148148148
44,0,58349.36854839328,360.0,0,g,300.0,136.51533492150054,0.9,0.0,337.83507492430556,146.29205465070723,46.61518412549499,43.38481587450501,-22.16492507569444,1.3746640926289615,148.326776711774,12.823572360434925,11.525321284179133,-38.246239346593896,128.24623934659388,189.50829821253157,246.25779326925604,-17.78910831106075,256.59362401101635,-11.933243705805689,101.9332437058057,91.57728165504952,0.0,1.360229516212522,0.6045071123011873,-10.530267023257894,112.54745079527056,22.03013110192838,1.189009489501424,0.45505111640500184,136.51533492150054,0.003472222222222222
45,0,58349.37516876365,160.0,0,g,300.0,0.0,0.9,0.0,340.2249336080566,359.9861378621873,-51.8059974878328,141.8059974878328,180.22493360805657,0.0,148.33292312627287,12.82141623790368,14.429323046123278,-37.828169451109495,127.82816945110949,191.8920104817837,246.342206647796,-17.79669773631525,257.9252860409218,-13.7025949260522,103.7025949260522,93.88272696026058,0.0,1.3589266447014927,0.6051440706555424,-10.532768930473177,86.52296219064043,0.0,0.0,0.0,0.0,0.003148148148148148
46,0,58349.381002096976,280.0,0,g,300.0,43.5356555467419,0.9,0.0,342.3306832166713,251.84527676087717,21.570801437369404,68.4291985626306,62.330683216671275,2.701930469779427,148.33833877129706,12.81951631547869,16.95386658605705,-37.384134763516045,127.38413476351604,193.99234444537421,246.417600459469,-17.803369868323408,259.0959340686438,-15.268091866381404,105.26809186638141,95.91308275720226,0.0,1.3577788207696464,0.6057050802484212,-10.535004129019146,37.5190793858483,21.57803106908673,1.7110636750628314,0.145118851822473,43.5356555467419,0.0015740740740740747
47,0,58349.387622467344,80.0,0,g,300.0,0.0,0.9,0.0,344.72054190042144,86.56160431129409,-4.315693317678258,94.31569331767825,264.72054190042144,0.0,148.34448501139687,12.817359915701285,19.774194149104023,-36.79671856755838,126.79671856755837,196.37605688902457,246.50431378136088,-17.81093805501854,260.4237181316759,-17.051304419151066,107.05130441915107,98.21622811906056,0.0,1.356476313788882,0.606341523893225,-10.537575617140927,157.7894229607591,0.0,0.0,0.0,0.0,0.001574074074074074
48,0,58349.39345580067,200.0,0,g,300.0,0.0,0.9,0.0,346.8262915090345,313.138580239389,-41.01153389573043,131.01153389573042,146.8262915090345,0.0,148.3499005027804,12.815459749028953,22.215356922763913,-36.20786275181667,126.20786275181666,198.4763910062541,246.58172360545757,-17.817613725611036,261.5949162710731,-18.627531860399653,108.62753186039966,100.24456790357692,0.0,1.355328810430266,0.606902078710227,-10.539871819487633,49.133006190347444,0.0,0.0,0.0,0.0,0.0031481481481481486
49,0,58349.399289134,320.0,0,g,300.0,124.13285041372728,0.9,0.0,348.9320411176476,221.507153711427,43.58479248009767,46.41520751990233,28.9320411176476,1.4487721553526853,148.3553159222143,12.81355946797857,24.61194566103601,-35.55455587866283,125.55455587866282,200.5767251954333,246.6600682606037,-17.824306238639856,262.76921803636105,-20.2077799463601,110.2077799463601,102.27197285704389,0.0,1.35418145680381,0.6074624196459375,-10.542196312957461,74.16687995909155,21.985596823983357,1.221686436023072,0.41377616804575756,124.13285041372727,0.0007870370370370374
50,0,58349.40623357844,320.0,0,g,300.0,118.77427922623733,0.9,0.0,351.4388858893062,224.39964625765424,42.24393312222034,47.75606687777966,31.43888588930622,1.485535177196823,148.36176275631576,12.811297079524408,27.403204779443858,-34.696049236917816,124.69604923691782,203.07712313299047,246.75454395355058,-17.832308757734435,264.17390866553245,-22.093386432729545,112.09338643272955,104.68434193575564,0.0,1.352815754479589,0.608129212557042,-10.545000130475652,74.07804938435801,21.96588377596747,1.2376987748237838,0.3959142640874577,118.77427922623731,0.0007870370370370374
51,0,58349.41285394881,120.0,0,g,300.0,0.0,0.9,0.0,353.82874457305803,65.48473233793787,-27.799400173754563,117.79940017375456,233.82874457305803,0.0,148.36790864325096,12.809140118317108,29.998654007474443,-33.799478423343665,123.79947842334366,205.46083592980708,246.84582059647946,-17.8399873567488,265.52279789998727,-23.894473970589726,113.89447397058973,106.98292397657858,0.0,1.3515139817257853,0.6087646046635934,-10.547709707598289,124.81329902634549,0.0,0.0,0.0,0.0,0.0023611111111111107
52,0,58349.4179002451,200.0,0,g,300.0,0.0,0.9,0.0,355.650385106534,323.4957949500527,-45.622949979672846,135.62294997967285,155.65038510653397,0.0,148.3725932081412,12.80749590213684,31.932692073920602,-33.06718810455249,123.06718810455249,207.27779189839276,246.9161789903,-17.845881367060603,266.5593284220535,-25.269015361140845,115.26901536114084,108.73420611623396,0.0,1.350521850143497,0.609248737960539,-10.549798760580122,49.44678316762911,0.0,0.0,0.0,0.0,0.0031481481481481486
53,0,58349.42452061547,360.0,0,g,300.0,156.32362271426274,0.9,0.0,358.0402437902842,176.4394826099687,51.76162521745509,38.23837478254491,-1.959756209715806,1.272322261890622,148.37873893185662,12.805338681457798,34.4108199467165,-32.04537885489558,122.04537885489557,209.66150485842758,247.0094991478886,-17.853678751967465,267.93283510322465,-27.073742370911614,117.07374237091162,111.0307446423956,0.0,1.349220414930031,0.6098836399136026,-10.552570137934124,111.8295346322825,22.091729857841308,1.1429589894217003,0.5210787423808758,156.32362271426274,0.003472222222222222
54,0,58349.428779874725,320.0,0,g,300.0,99.6966101756817,0.9,0.0,359.57777525124976,232.9703053997437,37.44294241222404,52.55705758777596,39.57777525124976,1.6418350181498909,148.38269277508675,12.803950741383566,35.96936562639167,-31.352927574744278,121.35292757474429,211.195082476163,247.07013872613004,-17.85873982889589,268.8261747708141,-28.235265926651227,118.23526592665122,112.50763652511972,0.0,1.3483832289286235,0.6102919607341611,-10.55437129953277,73.78138155834904,21.889464668923942,1.3044015024561957,0.332322033918939,99.6966101756817,0.0007870370370370374
55,0,58349.43572431916,320.0,0,g,300.0,93.456100669162,0.9,0.0,2.084620022907567,235.38054005035914,35.84752509975889,54.15247490024111,-317.9153799770924,1.7040909682762049,148.38913917643129,12.801687664974919,38.450404693764746,-30.168031684745543,120.16803168474554,-146.30451915352373,247.1700019671431,-17.86707690231484,270.30196202315824,-30.128985390270536,120.12898539027054,-245.08538194423554,0.0,1.3470184209966733,0.6109574527979309,-10.557338012223868,73.68753616063928,21.862010480490664,1.3303854683937792,0.3115203355638734,93.45610066916201,0.0007870370370370374
56,0,58349.44234468953,160.0,0,g,300.0,0.0,0.9,0.0,4.474478706659348,36.068386002127056,-45.78394330612004,135.78394330612002,-155.52552129334066,0.0,148.39528465087898,12.799530048033583,40.746865036981845,-28.977288184688927,118.97728818468893,-143.92080594421964,247.2663333919138,-17.875135272296454,271.7348274421313,-31.933279917296538,121.93327991729655,-242.79185468525446,0.0,1.345717499080602,0.6115916011149319,-10.560200342092317,87.40388067007926,0.0,0.0,0.0,0.0,0.003148148148148148
57,0,58349.44660394879,120.0,0,g,300.0,0.0,0.9,0.0,6.01201016762578,74.46449374420054,-18.818341235492753,108.81834123549275,-113.98798983237423,0.0,148.39923833376258,12.798141853058105,42.189305252739786,-28.181374195860787,118.18137419586078,-142.3872281661368,247.3288805472367,-17.88038265453926,272.67212348133626,-33.09301849682799,123.093018496828,-241.31687037961092,0.0,1.344880642744502,0.611999435944234,-10.562059084462508,125.25206155712524,0.0,0.0,0.0,0.0,0.0023611111111111107
58,0,58349.45354839323,120.0,0,g,300.0,0.0,0.9,0.0,8.518854939284386,76.17867704541744,-16.91498829270675,106.91498829270675,-111.48114506071562,0.0,148.40568447371103,12.795878361110397,44.483529807127155,-26.83637242305951,116.83637242305952,-139.88682953442665,247.43180047221014,-17.889053829311774,274.2300378562831,-34.98117548431772,124.98117548431772,-238.91294553292576,0.0,1.3435163713582199,0.6126641337275869,-10.565117995309828,125.34543476166982,0.0,0.0,0.0,0.0,0.0023611111111111107
59,0,58349.4601687636,280.0,0,g,300.0,0.0,0.9,0.0,10.908713625662031,270.4295708638321,-0.5097206423176295,90.50972064231763,-269.091286374338,0.0,148.41182969901342,12.793720348089288,46.605939540639994,-25.502633537444705,115.50263353744471,-137.5031160733514,247.53098017839423,-17.897465059384444,275.7542988015511,-36.776931611187685,126.77693161118768,-236.62226655273219,0.0,1.3422159598516636,0.6132975226353685,-10.568066148093331,36.60065322675059,0.0,0.0,0.0,0.0,0.0015740740740740747
60,0,58349.46711320803,280.0,0,g,300.0,0.0,0.9,0.0,13.415558394692384,271.98410945557816,-2.4768441966191808,92.47684419661918,-266.58444160530763,0.0,148.41827564010578,12.791456540031838,48.76672347367945,-24.05319140512897,114.05319140512897,-135.00271724541338,247.6360998766128,-17.906453038360926,277.4004345596867,-38.654605793701165,128.65460579370117,-234.2205414819204,0.0,1.3408520947743836,0.6139616118865799,-10.57119123511645,36.51452939992193,0.0,0.0,0.0,0.0,0.0015740740740740747
61,0,58349.4737335784,120.0,0,g,300.0,0.0,0.9,0.0,15.805417078442538,80.98221697255094,-11.310261612129374,101.31026161212938,-104.19458292155747,0.0,148.42442067586273,12.789298225707283,50.76673594478499,-22.626557280542585,112.62655728054258,-132.6190035974202,247.73731894924396,-17.91519095125864,279.02138501035057,-40.43741974226783,130.43741974226782,-231.93190187080143,0.0,1.3395520697782415,0.6145944189959334,-10.574200650513315,125.62232401610244,0.0,0.0,0.0,0.0,0.0023611111111111107
62,0,58349.47877987469,40.0,0,g,300.0,136.10980887212492,0.9,0.0,17.627057611920176,146.03964004380222,46.503115468418926,43.496884531581074,-22.372942388079824,1.377202473090847,148.42910459205015,12.787652978287912,52.25357546868265,-21.511593069947278,111.51159306994728,-130.80204698012997,247.81511211311556,-17.921969448304957,280.29519510438774,-41.79059175922763,131.79059175922762,-230.18805450119538,0.0,1.3385612679439318,0.6150765769940527,-10.576513726064878,147.3054153376055,22.028954629354956,1.1901378079097207,0.45369936290708307,136.10980887212492,0.000787037037037037
63,0,58349.48303913395,0.0,0,g,300.0,141.7921804407462,0.9,0.0,19.16458907288739,209.0119013634237,48.03986150026867,41.96013849973133,19.16458907288739,1.3436294374376985,148.43305794739297,12.786264262624304,53.484174346417376,-20.553013130362068,110.55301313036207,-129.26846887450557,247.8811921808732,-17.9277742544479,281.39889360387457,-42.92820545522679,132.9282054552268,-228.7166031079858,0.0,1.3377250797216589,0.6154834068475963,-10.578478608668828,110.99728639466034,22.04594498864693,1.1751611824817982,0.47264060146915393,141.7921804407462,0.003472222222222222
64,0,58349.48808543024,80.0,0,g,300.0,50.30366310595375,0.9,0.0,20.98622960636176,110.221176294922,23.67223794083532,66.32776205916468,-59.01377039363824,2.4771208714676334,148.43774176451564,12.784618857723173,54.91441599206834,-19.397606658489625,109.39760665848962,-127.45151215815388,247.9599676857429,-17.934754762965582,282.7436418809682,-44.26993965130524,134.26993965130524,-226.97373807938112,0.0,1.3367344788814184,0.6159652584108964,-10.580821059308882,158.51236402317565,21.630113888914217,1.6303239960657785,0.16767887701984585,50.30366310595375,0.001574074074074074
65,0,58349.49470580061,280.0,0,g,300.0,0.0,0.9,0.0,23.37608829011354,278.24335463614216,-10.260064789172265,100.26006478917226,-256.62391170988644,0.0,148.44388650736502,12.782460077767478,56.74718982495625,-17.85122651216739,107.85122651216739,-125.06779821725148,248.0640897876258,-17.944089565326927,284.5754441903175,-46.01868838531844,136.01868838531846,-224.68800149751226,0.0,1.335435048168644,0.6165971594772134,-10.583917281629606,36.1653499149345,0.0,0.0,0.0,0.0,0.0015740740740740747
66,0,58349.50053913394,160.0,0,g,300.0,0.0,0.9,0.0,25.481837898726635,58.51468659592915,-33.61577950737452,123.61577950737453,-134.51816210127336,0.0,148.4493006797055,12.7805578142175,58.32322026918055,-16.46172784613411,106.46172784613411,-122.96746278097885,248.15653729374876,-17.952488378732898,286.2605387074747,-47.54701483317525,137.54701483317524,-222.67469939502212,0.0,1.3342902500332623,0.6171537010667673,-10.586666361462123,88.2518013725476,0.0,0.0,0.0,0.0,0.003148148148148148
67,0,58349.50748357837,160.0,0,g,300.0,0.0,0.9,0.0,27.988682667758585,60.70882995006236,-31.91846479411016,121.91846479411016,-132.01131733224142,0.0,148.455746029411,12.778293066042485,60.154910655389116,-14.776948578035384,104.77694857803539,-120.46706336165241,248.26741848043017,-17.96270880967492,288.3647432353277,-49.34854441313805,139.34854441313806,-220.27873581267158,0.0,1.3329275837951962,0.617815958641424,-10.589963553402564,88.35737253733039,0.0,0.0,0.0,0.0,0.003148148148148148
68,0,58349.51174283763,200.0,0,g,300.0,0.0,0.9,0.0,29.526214131351665,14.81892823191522,-50.860726644820275,140.86072664482026,-170.47378586864835,0.0,148.45969912694355,12.77690394052721,61.255785050318046,-13.728187594633074,103.72818759463307,-118.93348499559188,248.33585218576908,-17.969101023329852,289.7140779879409,-50.44246578557069,140.44246578557068,-218.8096380544174,0.0,1.3320919164566716,0.6182219859213707,-10.591998460257207,50.78075253982513,0.0,0.0,0.0,0.0,0.0031481481481481486
69,0,58349.51600209689,240.0,0,g,300.0,0.0,0.9,0.0,31.063745592317257,317.9447728641217,-43.30135911286601,133.301359112866,-208.93625440768275,0.0,148.4636521862282,12.775514754224574,62.34046132458125,-12.66837491462497,102.66837491462496,-117.39990659391093,248.40459828413887,-17.975590193906786,291.1126411285696,-51.526939690375585,141.52693969037557,-217.34085269182162,0.0,1.3312563259962373,0.6186278933006891,-10.59404259147444,19.785941725497118,0.0,0.0,0.0,0.0,0.0023611111111111116
70,0,58349.52026135615,280.0,0,g,300.0,0.0,0.9,0.0,32.601277053285294,284.31556291328826,-17.358495940135633,107.35849594013564,-247.3987229467147,0.0,148.46760520727733,12.774125507138502,63.409727123925414,-11.598047970272038,101.59804797027203,-115.86632815399204,248.47364669062685,-17.982178649770177,292.56455536368014,-52.600980850874755,142.60098085087475,-215.87236963734156,0.0,1.3304208123169676,0.6190336805658623,-10.596095628106315,35.83370104750982,0.0,0.0,0.0,0.0,0.0015740740740740747
71,0,58349.52452061541,320.0,0,g,300.0,0.4452172499402899,0.9,0.0,34.13880851424923,259.9211489468919,12.627463094174427,77.37253690582557,-285.8611914857508,4.484934988020015,148.47155819009396,12.772736199276235,64.4643663437593,-10.517724081662577,100.51772408166258,-114.33274967584472,248.54298714284818,-17.98886864692797,294.0742785730703,-53.66350545564788,143.66350545564788,-214.40417862859894,0.0,1.32958537530593,0.6194393475113178,-10.598157245694756,72.39958723029163,17.227147305351757,2.2822444295786,0.0014840574998009665,0.44521724994028994,0.0007870370370370374
72,0,58349.528779874665,0.0,0,g,300.0,0.6335180244163358,0.9,0.0,35.67633997521726,229.0300951107126,39.84058829905837,50.15941170094163,35.67633997521726,1.5585197332385974,148.475511134683,12.771346830644328,65.50515839315163,-9.42790137753901,99.42790137753902,-112.79917115946573,248.61260920823764,-17.99566236782794,295.64662448535375,-54.7133191968012,144.7133191968012,-212.93626923302037,0.0,1.3287500148604543,0.619844893926669,-10.600227114516526,110.29842807277349,16.33776136879272,1.269115682909265,0.0021117267480544526,0.6335180244163358,0.003472222222222222
73,0,58349.53382617096,280.0,0,g,300.0,0.0,0.9,0.0,37.497980511319945,287.7203519827056,-21.052388979055266,111.05238897905527,-242.50201948868005,0.0,148.48019446521764,12.769700652209789,66.72141279383413,-8.125062802700446,98.12506280270044,-110.98221395389768,248.69544612736118,-18.00384858590147,297.5977136083267,-55.93884971146467,145.93884971146468,-211.19746561604123,0.0,1.3277603932796131,0.6203252219853842,-10.602689677930162,35.65522870261823,0.0,0.0,0.0,0.0,0.0015740740740740747
74,0,58349.54044654132,120.0,0,g,300.0,0.0,0.9,0.0,39.88783919244423,96.05683014374915,7.531817266427151,82.46818273357285,-80.11216080755577,7.245898972860971,148.4863385697809,12.767540857595888,68.29135910187419,-6.397913160247707,96.39791316024771,-108.59849937733668,248.80466898743535,-18.014819210317928,300.3175034715748,-57.51264670975606,147.51264670975607,-208.91682979499112,0.0,1.3264622448729402,0.6209551195365066,-10.605936284454437,126.58525465119035,0.0,3.0174299737484573,0.0,0.0,0.0023611111111111107
75,0,58349.54627987465,0.0,0,g,300.0,0.0,0.9,0.0,41.993588801055694,235.31383341917842,35.92318792833529,54.07681207166471,41.993588801055694,1.7010023817875322,148.49175217981295,12.765637700155397,69.65259324064425,-4.860435175178952,94.86043517517895,-106.49816337875725,248.90139160120953,-18.0247080724519,302.8814520958979,-58.862707032734036,148.86270703273402,-206.90780280015383,0.0,1.3253185743219407,0.6215098912978126,-10.608810939463917,110.02228829529382,0.0,1.3291038517603342,0.0,0.0,0.003472222222222222
76,0,58349.55322431909,360.0,0,g,300.0,0.0,0.9,0.0,44.50043357271436,237.63124439235648,34.28290657317208,55.71709342682792,-315.49956642728563,1.7712693439497116,148.49819686022354,12.763371888000673,71.2489476019943,-3.0125327664277934,93.0125327664278,-103.99776328750919,249.01708760698966,-18.036758925563426,306.1632136141855,-60.41787888608593,150.41787888608593,-204.5166540342753,0.0,1.3239572476674166,0.6221700364498197,-10.612248950094655,109.91161928641739,0.0,1.3580735295011146,0.0,0.0,0.003472222222222222
77,0,58349.55748357835,320.0,0,g,300.0,0.0,0.9,0.0,46.037965033681566,267.454860691575,3.350613721961437,86.64938627803856,-273.9620349663184,14.126908414646707,148.5021495473032,12.761982110011438,72.21636396845547,-1.8704018642095612,91.87040186420955,-102.46418451362163,249.0883237035879,-18.044302803525124,308.31192689503825,-61.33977791914729,151.33977791914728,-203.05035866990633,0.0,1.3231224004438407,0.6225747651653442,-10.614365467100566,71.88964287262044,0.0,4.47642827990574,0.0,0.0,0.0007870370370370374
78,0,58349.56252987464,40.0,0,g,300.0,0.0,0.9,0.0,47.85960556715836,192.20377129040997,51.15296863525797,38.84703136474203,7.859605567158361,1.2830978181683008,148.50683257277558,12.760335446639083,73.35227290016508,-0.5092435787249036,90.5092435787249,-100.64722700561722,249.17297552013468,-18.053393530215015,311.00360822653374,-62.39638772314234,152.39638772314234,-201.31336995297633,0.0,1.3221333860013136,0.6230541226107427,-10.616880227863522,146.1179268211982,0.0,1.1478602968851275,0.0,0.0,0.000787037037037037
79,0,58350.12068052124,320.0,0,g,300.0,0.0,0.9,0.0,249.34397814804456,102.04556091811436,14.934222812031871,75.06577718796812,-70.65602185195544,3.8256253592181793,149.02447403833256,12.577681165992155,285.99254267342513,-0.0016333388933495866,90.00163333889336,100.319504109712,256.58029209007395,-19.667040019932767,171.6925101163327,31.594586784207102,58.4054132157929,-7.236313942029398,1.903409551041193,1.213358204088522,0.6749377135254351,-10.83030075465579,65.085828760508,0.0,2.083039157349665,0.0,0.0,0.0007870370370370374
80,0,58350.12762496568,320.0,0,g,300.0,0.0,0.9,0.0,251.85082292194963,103.72395026621375,16.852247562882123,73.14775243711787,-68.14917707805037,3.4112141788837107,149.03091038310174,12.57540210130137,287.54954160054314,-1.882144598718429,91.88214459871843,102.81991253884789,256.6356736146147,-19.681062751951814,174.39317371821127,31.813823978474705,58.1861760215253,-4.78485069266506,1.891743968692225,1.212012019147275,0.6755681053148888,-10.831765632720764,65.03674093195194,0.0,1.9512414161718334,0.0,0.0,0.0007870370370370374
